{
  "Open acr.org" : {
    "transaction" : "Open acr.org",
    "sampleCount" : 66,
    "errorCount" : 0,
    "errorPct" : 0.0,
    "meanResTime" : 317.969696969697,
    "minResTime" : 29.0,
    "maxResTime" : 2603.0,
    "pct1ResTime" : 1224.2000000000019,
    "pct2ResTime" : 1904.6499999999992,
    "pct3ResTime" : 2603.0,
    "throughput" : 0.0011523761087429587,
    "receivedKBytesPerSec" : 5.485824536367663E-4,
    "sentKBytesPerSec" : 1.2041430042528964E-4
  },
  "Open example.com" : {
    "transaction" : "Open example.com",
    "sampleCount" : 66,
    "errorCount" : 0,
    "errorPct" : 0.0,
    "meanResTime" : 70.74242424242426,
    "minResTime" : 51.0,
    "maxResTime" : 125.0,
    "pct1ResTime" : 84.30000000000001,
    "pct2ResTime" : 118.49999999999999,
    "pct3ResTime" : 125.0,
    "throughput" : 0.0011532024572018613,
    "receivedKBytesPerSec" : 0.015159227151582242,
    "sentKBytesPerSec" : 1.2387917020723117E-4
  },
  "Total" : {
    "transaction" : "Total",
    "sampleCount" : 279,
    "errorCount" : 68,
    "errorPct" : 24.37276,
    "meanResTime" : 7266.229390681009,
    "minResTime" : 0.0,
    "maxResTime" : 56742.0,
    "pct1ResTime" : 19453.0,
    "pct2ResTime" : 26276.0,
    "pct3ResTime" : 45671.39999999985,
    "throughput" : 1.7599882743401144E-7,
    "receivedKBytesPerSec" : 6.686182492834914E-7,
    "sentKBytesPerSec" : 8.822857885689375E-9
  },
  "Java Request" : {
    "transaction" : "Java Request",
    "sampleCount" : 79,
    "errorCount" : 0,
    "errorPct" : 0.0,
    "meanResTime" : 12643.20253164557,
    "minResTime" : 957.0,
    "maxResTime" : 56742.0,
    "pct1ResTime" : 35287.0,
    "pct2ResTime" : 41895.0,
    "pct3ResTime" : 56742.0,
    "throughput" : 0.0010853495533099658,
    "receivedKBytesPerSec" : 0.0,
    "sentKBytesPerSec" : 0.0
  },
  "ERROR: " : {
    "transaction" : "ERROR: ",
    "sampleCount" : 2,
    "errorCount" : 2,
    "errorPct" : 100.0,
    "meanResTime" : 0.0,
    "minResTime" : 0.0,
    "maxResTime" : 0.0,
    "pct1ResTime" : 0.0,
    "pct2ResTime" : 0.0,
    "pct3ResTime" : 0.0,
    "throughput" : "Infinity",
    "receivedKBytesPerSec" : "Infinity",
    "sentKBytesPerSec" : "NaN"
  },
  "Open acredit.acr.org" : {
    "transaction" : "Open acredit.acr.org",
    "sampleCount" : 66,
    "errorCount" : 66,
    "errorPct" : 100.0,
    "meanResTime" : 15194.09090909091,
    "minResTime" : 10082.0,
    "maxResTime" : 19962.0,
    "pct1ResTime" : 19663.4,
    "pct2ResTime" : 19938.4,
    "pct3ResTime" : 19962.0,
    "throughput" : 0.001152085416869627,
    "receivedKBytesPerSec" : 0.002808208203619716,
    "sentKBytesPerSec" : 0.0
  }
}